"Date","Monthly_Anomaly","actual_temp"
1850 Jan,-0.469,11.831
1850 Feb,-0.66,11.84
1850 Mar,-0.427,12.703
1850 Apr,-0.81,13.25
1850 May,-0.375,14.625
1850 Jun,-0.362,15.298
1850 Jul,-0.331,15.569
1850 Aug,-0.256,15.494
1850 Sep,-0.33,14.85
1850 Oct,-0.376,13.894
1850 Nov,-0.177,13.103
1850 Dec,-0.548,12.022
1851 Jan,-0.433,11.867
1851 Feb,-0.325,12.175
1851 Mar,-0.343,12.787
1851 Apr,-0.749,13.311
1851 May,-0.3,14.7
1851 Jun,-0.322,15.338
1851 Jul,-0.182,15.718
1851 Aug,-0.296,15.454
1851 Sep,-0.397,14.783
1851 Oct,-0.305,13.965
1851 Nov,-0.654,12.626
1851 Dec,-0.373,12.197
1852 Jan,-0.734,11.566
1852 Feb,-0.435,12.065
1852 Mar,-0.633,12.497
1852 Apr,-0.713,13.347
1852 May,-0.36,14.64
1852 Jun,-0.056,15.604
1852 Jul,-0.158,15.742
1852 Aug,-0.176,15.574
1852 Sep,-0.047,15.133
1852 Oct,-0.305,13.965
1852 Nov,-0.079,13.201
1852 Dec,-0.258,12.312
1853 Jan,-0.501,11.799
1853 Feb,-0.126,12.374
1853 Mar,-0.301,12.829
1853 Apr,-0.229,13.831
1853 May,-0.115,14.885
1853 Jun,-0.016,15.644
1853 Jul,-0.146,15.754
1853 Aug,-0.232,15.518
1853 Sep,-0.165,15.015
1853 Oct,-0.255,14.015
1853 Nov,-0.406,12.874
1853 Dec,-0.264,12.306
1854 Jan,-0.565,11.735
1854 Feb,-0.486,12.014
1854 Mar,-0.258,12.872
1854 Apr,-0.361,13.699
1854 May,-0.37,14.63
1854 Jun,-0.318,15.342
1854 Jul,-0.286,15.614
1854 Aug,-0.212,15.538
1854 Sep,-0.119,15.061
1854 Oct,-0.27,14
1854 Nov,-0.086,13.194
1854 Dec,-0.242,12.328
1855 Jan,-0.238,12.062
1855 Feb,-0.241,12.259
1855 Mar,-0.199,12.931
1855 Apr,-0.322,13.738
1855 May,-0.258,14.742
1855 Jun,-0.217,15.443
1855 Jul,-0.431,15.469
1855 Aug,-0.172,15.578
1855 Sep,-0.177,15.003
1855 Oct,-0.032,14.238
1855 Nov,-0.184,13.096
1855 Dec,-0.466,12.104
1856 Jan,-0.333,11.967
1856 Feb,-0.296,12.204
1856 Mar,-0.16,12.97
1856 Apr,-0.683,13.377
1856 May,-0.386,14.614
1856 Jun,-0.182,15.478
1856 Jul,-0.213,15.687
1856 Aug,-0.59,15.16
1856 Sep,-0.667,14.513
1856 Oct,-0.409,13.861
1856 Nov,-0.417,12.863
1856 Dec,-0.666,11.904
1857 Jan,-0.578,11.722
1857 Feb,-0.653,11.847
1857 Mar,-0.708,12.422
1857 Apr,-0.612,13.448
1857 May,-0.381,14.619
1857 Jun,-0.364,15.296
1857 Jul,-0.634,15.266
1857 Aug,-0.453,15.297
1857 Sep,-0.484,14.696
1857 Oct,-0.401,13.869
1857 Nov,-0.423,12.857
1857 Dec,-0.32,12.25
1858 Jan,-0.623,11.677
1858 Feb,-0.279,12.221
1858 Mar,-0.206,12.924
1858 Apr,-0.41,13.65
1858 May,-0.355,14.645
1858 Jun,-0.429,15.231
1858 Jul,-0.369,15.531
1858 Aug,-0.264,15.486
1858 Sep,-0.405,14.775
1858 Oct,-0.301,13.969
1858 Nov,-0.407,12.873
1858 Dec,-0.427,12.143
1859 Jan,-0.527,11.773
1859 Feb,-0.302,12.198
1859 Mar,-0.465,12.665
1859 Apr,-0.191,13.869
1859 May,-0.217,14.783
1859 Jun,-0.102,15.558
1859 Jul,-0.431,15.469
1859 Aug,-0.221,15.529
1859 Sep,-0.598,14.582
1859 Oct,-0.31,13.96
1859 Nov,-0.318,12.962
1859 Dec,-0.374,12.196
1860 Jan,-0.336,11.964
1860 Feb,-0.239,12.261
1860 Mar,-0.14,12.99
1860 Apr,-0.214,13.846
1860 May,-0.24,14.76
1860 Jun,-0.206,15.454
1860 Jul,-0.362,15.538
1860 Aug,-0.376,15.374
1860 Sep,-0.122,15.058
1860 Oct,-0.388,13.882
1860 Nov,-0.318,12.962
1860 Dec,-0.413,12.157
1861 Jan,-0.377,11.923
1861 Feb,-0.813,11.687
1861 Mar,-0.451,12.679
1861 Apr,0.004,14.064
1861 May,-0.403,14.597
1861 Jun,-0.048,15.612
1861 Jul,-0.292,15.608
1861 Aug,-0.237,15.513
1861 Sep,-0.294,14.886
1861 Oct,-0.42,13.85
1861 Nov,-0.013,13.267
1861 Dec,-0.577,11.993
1862 Jan,-0.716,11.584
1862 Feb,-0.704,11.796
1862 Mar,-0.654,12.476
1862 Apr,-0.478,13.582
1862 May,-0.258,14.742
1862 Jun,-0.372,15.288
1862 Jul,-0.494,15.406
1862 Aug,-0.389,15.361
1862 Sep,-0.284,14.896
1862 Oct,-0.197,14.073
1862 Nov,-0.546,12.734
1862 Dec,-0.708,11.862
1863 Jan,-0.601,11.699
1863 Feb,-0.532,11.968
1863 Mar,-0.353,12.777
1863 Apr,-0.185,13.875
1863 May,-0.29,14.71
1863 Jun,-0.498,15.162
1863 Jul,-0.501,15.399
1863 Aug,-0.583,15.167
1863 Sep,-0.573,14.607
1863 Oct,-0.468,13.802
1863 Nov,-0.374,12.906
1863 Dec,-0.343,12.227
1864 Jan,-0.544,11.756
1864 Feb,-0.582,11.918
1864 Mar,-0.521,12.609
1864 Apr,-0.684,13.376
1864 May,-0.292,14.708
1864 Jun,-0.143,15.517
1864 Jul,-0.16,15.74
1864 Aug,-0.417,15.333
1864 Sep,-0.42,14.76
1864 Oct,-0.324,13.946
1864 Nov,-0.164,13.116
1864 Dec,-0.328,12.242
1865 Jan,-0.035,12.265
1865 Feb,-0.047,12.453
1865 Mar,-0.164,12.966
1865 Apr,-0.203,13.857
1865 May,-0.243,14.757
1865 Jun,0.015,15.675
1865 Jul,0.077,15.977
1865 Aug,-0.155,15.595
1865 Sep,-0.115,15.065
1865 Oct,-0.228,14.042
1865 Nov,-0.121,13.159
1865 Dec,-0.149,12.421
1866 Jan,-0.271,12.029
1866 Feb,-0.233,12.267
1866 Mar,-0.302,12.828
1866 Apr,-0.21,13.85
1866 May,-0.557,14.443
1866 Jun,-0.186,15.474
1866 Jul,-0.007,15.893
1866 Aug,-0.18,15.57
1866 Sep,-0.434,14.746
1866 Oct,-0.207,14.063
1866 Nov,-0.124,13.156
1866 Dec,-0.138,12.432
1867 Jan,-0.383,11.917
1867 Feb,-0.485,12.015
1867 Mar,-0.3,12.83
1867 Apr,-0.455,13.605
1867 May,-0.413,14.587
1867 Jun,-0.204,15.456
1867 Jul,-0.231,15.669
1867 Aug,-0.499,15.251
1867 Sep,-0.213,14.967
1867 Oct,-0.239,14.031
1867 Nov,-0.293,12.987
1867 Dec,-0.517,12.053
1868 Jan,-0.22,12.08
1868 Feb,-0.444,12.056
1868 Mar,-0.203,12.927
1868 Apr,-0.091,13.969
1868 May,-0.115,14.885
1868 Jun,-0.048,15.612
1868 Jul,-0.071,15.829
1868 Aug,-0.061,15.689
1868 Sep,-0.058,15.122
1868 Oct,0,14.27
1868 Nov,-0.097,13.183
1868 Dec,-0.113,12.457
1869 Jan,-0.206,12.094
1869 Feb,-0.038,12.462
1869 Mar,-0.403,12.727
1869 Apr,-0.266,13.794
1869 May,-0.043,14.957
1869 Jun,-0.154,15.506
1869 Jul,-0.403,15.497
1869 Aug,-0.479,15.271
1869 Sep,-0.285,14.895
1869 Oct,-0.386,13.884
1869 Nov,-0.084,13.196
1869 Dec,-0.371,12.199
1870 Jan,-0.453,11.847
1870 Feb,-0.267,12.233
1870 Mar,-0.216,12.914
1870 Apr,-0.118,13.942
1870 May,-0.33,14.67
1870 Jun,-0.236,15.424
1870 Jul,-0.144,15.756
1870 Aug,-0.162,15.588
1870 Sep,-0.41,14.77
1870 Oct,-0.452,13.818
1870 Nov,-0.506,12.774
1870 Dec,-0.469,12.101
1871 Jan,-0.329,11.971
1871 Feb,-0.285,12.215
1871 Mar,-0.239,12.891
1871 Apr,-0.243,13.817
1871 May,-0.015,14.985
1871 Jun,-0.102,15.558
1871 Jul,-0.178,15.722
1871 Aug,-0.162,15.588
1871 Sep,-0.348,14.832
1871 Oct,-0.294,13.976
1871 Nov,-0.25,13.03
1871 Dec,-0.202,12.368
1872 Jan,-0.204,12.096
1872 Feb,-0.179,12.321
1872 Mar,-0.283,12.847
1872 Apr,-0.333,13.727
1872 May,-0.028,14.972
1872 Jun,-0.265,15.395
1872 Jul,-0.145,15.755
1872 Aug,-0.039,15.711
1872 Sep,-0.15,15.03
1872 Oct,-0.38,13.89
1872 Nov,-0.482,12.798
1872 Dec,-0.329,12.241
1873 Jan,-0.285,12.015
1873 Feb,-0.195,12.305
1873 Mar,-0.173,12.957
1873 Apr,-0.312,13.748
1873 May,-0.207,14.793
1873 Jun,-0.302,15.358
1873 Jul,-0.18,15.72
1873 Aug,-0.123,15.627
1873 Sep,-0.365,14.815
1873 Oct,-0.383,13.887
1873 Nov,-0.27,13.01
1873 Dec,-0.256,12.314
1874 Jan,-0.287,12.013
1874 Feb,-0.457,12.043
1874 Mar,-0.46,12.67
1874 Apr,-0.47,13.59
1874 May,-0.448,14.552
1874 Jun,-0.543,15.117
1874 Jul,-0.354,15.546
1874 Aug,-0.337,15.413
1874 Sep,-0.172,15.008
1874 Oct,-0.492,13.778
1874 Nov,-0.349,12.931
1874 Dec,-0.321,12.249
1875 Jan,-0.251,12.049
1875 Feb,-0.192,12.308
1875 Mar,-0.506,12.624
1875 Apr,-0.337,13.723
1875 May,-0.21,14.79
1875 Jun,-0.365,15.295
1875 Jul,-0.246,15.654
1875 Aug,-0.198,15.552
1875 Sep,-0.09,15.09
1875 Oct,-0.042,14.228
1875 Nov,-0.256,13.024
1875 Dec,-0.447,12.123
1876 Jan,-0.356,11.944
1876 Feb,-0.323,12.177
1876 Mar,-0.182,12.948
1876 Apr,-0.294,13.766
1876 May,-0.445,14.555
1876 Jun,-0.385,15.275
1876 Jul,-0.179,15.721
1876 Aug,-0.259,15.491
1876 Sep,-0.362,14.818
1876 Oct,-0.173,14.097
1876 Nov,-0.311,12.969
1876 Dec,-0.276,12.294
1877 Jan,-0.113,12.187
1877 Feb,0.021,12.521
1877 Mar,0.016,13.146
1877 Apr,-0.048,14.012
1877 May,0.067,15.067
1877 Jun,-0.078,15.582
1877 Jul,-0.002,15.898
1877 Aug,-0.031,15.719
1877 Sep,0.026,15.206
1877 Oct,0.04,14.31
1877 Nov,0.021,13.301
1877 Dec,0.089,12.659
1878 Jan,0.075,12.375
1878 Feb,0.171,12.671
1878 Mar,0.368,13.498
1878 Apr,0.272,14.332
1878 May,0.006,15.006
1878 Jun,0.08,15.74
1878 Jul,0.17,16.07
1878 Aug,0.013,15.763
1878 Sep,0.01,15.19
1878 Oct,-0.073,14.197
1878 Nov,-0.048,13.232
1878 Dec,-0.033,12.537
1879 Jan,0.037,12.337
1879 Feb,-0.127,12.373
1879 Mar,-0.069,13.061
1879 Apr,-0.126,13.934
1879 May,-0.171,14.829
1879 Jun,-0.251,15.409
1879 Jul,-0.257,15.643
1879 Aug,-0.31,15.44
1879 Sep,-0.361,14.819
1879 Oct,-0.145,14.125
1879 Nov,-0.218,13.062
1879 Dec,-0.547,12.023
1880 Jan,-0.391,11.909
1880 Feb,-0.367,12.133
1880 Mar,-0.252,12.878
1880 Apr,-0.262,13.798
1880 May,-0.084,14.916
1880 Jun,-0.207,15.453
1880 Jul,-0.303,15.597
1880 Aug,-0.074,15.676
1880 Sep,-0.274,14.906
1880 Oct,-0.216,14.054
1880 Nov,-0.174,13.106
1880 Dec,-0.052,12.518
1881 Jan,-0.225,12.075
1881 Feb,0.005,12.505
1881 Mar,-0.249,12.881
1881 Apr,-0.016,14.044
1881 May,0.053,15.053
1881 Jun,-0.198,15.462
1881 Jul,-0.173,15.727
1881 Aug,-0.175,15.575
1881 Sep,-0.313,14.867
1881 Oct,-0.219,14.051
1881 Nov,-0.406,12.874
1881 Dec,-0.265,12.305
1882 Jan,-0.096,12.204
1882 Feb,-0.169,12.331
1882 Mar,-0.233,12.897
1882 Apr,-0.189,13.871
1882 May,-0.188,14.812
1882 Jun,-0.281,15.379
1882 Jul,-0.266,15.634
1882 Aug,-0.263,15.487
1882 Sep,-0.279,14.901
1882 Oct,-0.289,13.981
1882 Nov,-0.245,13.035
1882 Dec,-0.377,12.193
1883 Jan,-0.318,11.982
1883 Feb,-0.283,12.217
1883 Mar,-0.135,12.995
1883 Apr,-0.2,13.86
1883 May,-0.209,14.791
1883 Jun,-0.107,15.553
1883 Jul,-0.329,15.571
1883 Aug,-0.502,15.248
1883 Sep,-0.306,14.874
1883 Oct,-0.398,13.872
1883 Nov,-0.363,12.917
1883 Dec,-0.428,12.142
1884 Jan,-0.354,11.946
1884 Feb,-0.134,12.366
1884 Mar,-0.37,12.76
1884 Apr,-0.434,13.626
1884 May,-0.428,14.572
1884 Jun,-0.323,15.337
1884 Jul,-0.491,15.409
1884 Aug,-0.514,15.236
1884 Sep,-0.554,14.626
1884 Oct,-0.393,13.877
1884 Nov,-0.517,12.763
1884 Dec,-0.39,12.18
1885 Jan,-0.45,11.85
1885 Feb,-0.544,11.956
1885 Mar,-0.476,12.654
1885 Apr,-0.398,13.662
1885 May,-0.425,14.575
1885 Jun,-0.622,15.038
1885 Jul,-0.441,15.459
1885 Aug,-0.45,15.3
1885 Sep,-0.349,14.831
1885 Oct,-0.234,14.036
1885 Nov,-0.325,12.955
1885 Dec,-0.242,12.328
1886 Jan,-0.48,11.82
1886 Feb,-0.368,12.132
1886 Mar,-0.441,12.689
1886 Apr,-0.252,13.808
1886 May,-0.295,14.705
1886 Jun,-0.531,15.129
1886 Jul,-0.371,15.529
1886 Aug,-0.397,15.353
1886 Sep,-0.473,14.707
1886 Oct,-0.423,13.847
1886 Nov,-0.542,12.738
1886 Dec,-0.407,12.163
1887 Jan,-0.724,11.576
1887 Feb,-0.643,11.857
1887 Mar,-0.477,12.653
1887 Apr,-0.365,13.695
1887 May,-0.527,14.473
1887 Jun,-0.455,15.205
1887 Jul,-0.371,15.529
1887 Aug,-0.508,15.242
1887 Sep,-0.552,14.628
1887 Oct,-0.362,13.908
1887 Nov,-0.412,12.868
1887 Dec,-0.338,12.232
1888 Jan,-0.436,11.864
1888 Feb,-0.479,12.021
1888 Mar,-0.422,12.708
1888 Apr,-0.367,13.693
1888 May,-0.341,14.659
1888 Jun,-0.17,15.49
1888 Jul,-0.351,15.549
1888 Aug,-0.272,15.478
1888 Sep,-0.285,14.895
1888 Oct,-0.109,14.161
1888 Nov,-0.14,13.14
1888 Dec,-0.094,12.476
1889 Jan,-0.082,12.218
1889 Feb,0.067,12.567
1889 Mar,0.148,13.278
1889 Apr,0.049,14.109
1889 May,-0.051,14.949
1889 Jun,-0.23,15.43
1889 Jul,-0.235,15.665
1889 Aug,-0.325,15.425
1889 Sep,-0.361,14.819
1889 Oct,-0.27,14
1889 Nov,-0.427,12.853
1889 Dec,-0.246,12.324
1890 Jan,-0.422,11.878
1890 Feb,-0.329,12.171
1890 Mar,-0.457,12.673
1890 Apr,-0.367,13.693
1890 May,-0.391,14.609
1890 Jun,-0.453,15.207
1890 Jul,-0.51,15.39
1890 Aug,-0.505,15.245
1890 Sep,-0.512,14.668
1890 Oct,-0.338,13.932
1890 Nov,-0.596,12.684
1890 Dec,-0.42,12.15
1891 Jan,-0.403,11.897
1891 Feb,-0.655,11.845
1891 Mar,-0.257,12.873
1891 Apr,-0.332,13.728
1891 May,-0.234,14.766
1891 Jun,-0.216,15.444
1891 Jul,-0.439,15.461
1891 Aug,-0.391,15.359
1891 Sep,-0.282,14.898
1891 Oct,-0.308,13.962
1891 Nov,-0.426,12.854
1891 Dec,-0.239,12.331
1892 Jan,-0.199,12.101
1892 Feb,-0.208,12.292
1892 Mar,-0.366,12.764
1892 Apr,-0.438,13.622
1892 May,-0.413,14.587
1892 Jun,-0.462,15.198
1892 Jul,-0.519,15.381
1892 Aug,-0.466,15.284
1892 Sep,-0.428,14.752
1892 Oct,-0.492,13.778
1892 Nov,-0.669,12.611
1892 Dec,-0.541,12.029
1893 Jan,-0.75,11.55
1893 Feb,-0.558,11.942
1893 Mar,-0.328,12.802
1893 Apr,-0.399,13.661
1893 May,-0.372,14.628
1893 Jun,-0.38,15.28
1893 Jul,-0.212,15.688
1893 Aug,-0.392,15.358
1893 Sep,-0.376,14.804
1893 Oct,-0.272,13.998
1893 Nov,-0.373,12.907
1893 Dec,-0.385,12.185
1894 Jan,-0.554,11.746
1894 Feb,-0.449,12.051
1894 Mar,-0.368,12.762
1894 Apr,-0.378,13.682
1894 May,-0.371,14.629
1894 Jun,-0.456,15.204
1894 Jul,-0.246,15.654
1894 Aug,-0.212,15.538
1894 Sep,-0.383,14.797
1894 Oct,-0.37,13.9
1894 Nov,-0.361,12.919
1894 Dec,-0.437,12.133
1895 Jan,-0.391,11.909
1895 Feb,-0.495,12.005
1895 Mar,-0.322,12.808
1895 Apr,-0.282,13.778
1895 May,-0.265,14.735
1895 Jun,-0.256,15.404
1895 Jul,-0.212,15.688
1895 Aug,-0.242,15.508
1895 Sep,-0.316,14.864
1895 Oct,-0.249,14.021
1895 Nov,-0.209,13.071
1895 Dec,-0.282,12.288
1896 Jan,-0.191,12.109
1896 Feb,-0.278,12.222
1896 Mar,-0.293,12.837
1896 Apr,-0.305,13.755
1896 May,-0.216,14.784
1896 Jun,-0.106,15.554
1896 Jul,-0.109,15.791
1896 Aug,-0.06,15.69
1896 Sep,-0.203,14.977
1896 Oct,-0.103,14.167
1896 Nov,-0.218,13.062
1896 Dec,-0.091,12.479
1897 Jan,-0.119,12.181
1897 Feb,-0.233,12.267
1897 Mar,-0.135,12.995
1897 Apr,-0.068,13.992
1897 May,-0.077,14.923
1897 Jun,-0.121,15.539
1897 Jul,-0.053,15.847
1897 Aug,-0.08,15.67
1897 Sep,-0.175,15.005
1897 Oct,-0.175,14.095
1897 Nov,-0.278,13.002
1897 Dec,-0.263,12.307
1898 Jan,-0.145,12.155
1898 Feb,-0.392,12.108
1898 Mar,-0.452,12.678
1898 Apr,-0.353,13.707
1898 May,-0.335,14.665
1898 Jun,-0.191,15.469
1898 Jul,-0.221,15.679
1898 Aug,-0.36,15.39
1898 Sep,-0.282,14.898
1898 Oct,-0.42,13.85
1898 Nov,-0.366,12.914
1898 Dec,-0.513,12.057
1899 Jan,-0.265,12.035
1899 Feb,-0.324,12.176
1899 Mar,-0.313,12.817
1899 Apr,-0.265,13.795
1899 May,-0.197,14.803
1899 Jun,-0.322,15.338
1899 Jul,-0.208,15.692
1899 Aug,-0.124,15.626
1899 Sep,-0.131,15.049
1899 Oct,-0.104,14.166
1899 Nov,-0.032,13.248
1899 Dec,-0.214,12.356
1900 Jan,-0.301,11.999
1900 Feb,0.1,12.6
1900 Mar,-0.077,13.053
1900 Apr,-0.105,13.955
1900 May,-0.163,14.837
1900 Jun,-0.046,15.614
1900 Jul,-0.169,15.731
1900 Aug,-0.182,15.568
1900 Sep,-0.107,15.073
1900 Oct,-0.004,14.266
1900 Nov,-0.237,13.043
1900 Dec,-0.114,12.456
1901 Jan,-0.289,12.011
1901 Feb,-0.171,12.329
1901 Mar,-0.104,13.026
1901 Apr,-0.049,14.011
1901 May,-0.022,14.978
1901 Jun,-0.115,15.545
1901 Jul,-0.176,15.724
1901 Aug,-0.183,15.567
1901 Sep,-0.28,14.9
1901 Oct,-0.334,13.936
1901 Nov,-0.368,12.912
1901 Dec,-0.256,12.314
1902 Jan,-0.268,12.032
1902 Feb,-0.103,12.397
1902 Mar,-0.347,12.783
1902 Apr,-0.278,13.782
1902 May,-0.299,14.701
1902 Jun,-0.287,15.373
1902 Jul,-0.314,15.586
1902 Aug,-0.391,15.359
1902 Sep,-0.308,14.872
1902 Oct,-0.489,13.781
1902 Nov,-0.503,12.777
1902 Dec,-0.504,12.066
1903 Jan,-0.27,12.03
1903 Feb,-0.245,12.255
1903 Mar,-0.322,12.808
1903 Apr,-0.538,13.522
1903 May,-0.405,14.595
1903 Jun,-0.348,15.312
1903 Jul,-0.459,15.441
1903 Aug,-0.681,15.069
1903 Sep,-0.511,14.669
1903 Oct,-0.535,13.735
1903 Nov,-0.598,12.682
1903 Dec,-0.618,11.952
1904 Jan,-0.669,11.631
1904 Feb,-0.658,11.842
1904 Mar,-0.508,12.622
1904 Apr,-0.521,13.539
1904 May,-0.517,14.483
1904 Jun,-0.439,15.221
1904 Jul,-0.514,15.386
1904 Aug,-0.473,15.277
1904 Sep,-0.537,14.643
1904 Oct,-0.485,13.785
1904 Nov,-0.348,12.932
1904 Dec,-0.41,12.16
1905 Jan,-0.463,11.837
1905 Feb,-0.658,11.842
1905 Mar,-0.469,12.661
1905 Apr,-0.471,13.589
1905 May,-0.313,14.687
1905 Jun,-0.219,15.441
1905 Jul,-0.237,15.663
1905 Aug,-0.332,15.418
1905 Sep,-0.357,14.823
1905 Oct,-0.293,13.977
1905 Nov,-0.349,12.931
1905 Dec,-0.289,12.281
1906 Jan,-0.259,12.041
1906 Feb,-0.303,12.197
1906 Mar,-0.156,12.974
1906 Apr,-0.085,13.975
1906 May,-0.33,14.67
1906 Jun,-0.15,15.51
1906 Jul,-0.18,15.72
1906 Aug,-0.245,15.505
1906 Sep,-0.33,14.85
1906 Oct,-0.224,14.046
1906 Nov,-0.379,12.901
1906 Dec,-0.291,12.279
1907 Jan,-0.442,11.858
1907 Feb,-0.529,11.971
1907 Mar,-0.345,12.785
1907 Apr,-0.432,13.628
1907 May,-0.538,14.462
1907 Jun,-0.431,15.229
1907 Jul,-0.372,15.528
1907 Aug,-0.475,15.275
1907 Sep,-0.458,14.722
1907 Oct,-0.309,13.961
1907 Nov,-0.536,12.744
1907 Dec,-0.51,12.06
1908 Jan,-0.493,11.807
1908 Feb,-0.365,12.135
1908 Mar,-0.629,12.501
1908 Apr,-0.605,13.455
1908 May,-0.421,14.579
1908 Jun,-0.398,15.262
1908 Jul,-0.323,15.577
1908 Aug,-0.49,15.26
1908 Sep,-0.399,14.781
1908 Oct,-0.433,13.837
1908 Nov,-0.624,12.656
1908 Dec,-0.582,11.988
1909 Jan,-0.718,11.582
1909 Feb,-0.528,11.972
1909 Mar,-0.589,12.541
1909 Apr,-0.582,13.478
1909 May,-0.507,14.493
1909 Jun,-0.437,15.223
1909 Jul,-0.508,15.392
1909 Aug,-0.312,15.438
1909 Sep,-0.396,14.784
1909 Oct,-0.438,13.832
1909 Nov,-0.449,12.831
1909 Dec,-0.536,12.034
1910 Jan,-0.373,11.927
1910 Feb,-0.465,12.035
1910 Mar,-0.511,12.619
1910 Apr,-0.543,13.517
1910 May,-0.393,14.607
1910 Jun,-0.431,15.229
1910 Jul,-0.36,15.54
1910 Aug,-0.407,15.343
1910 Sep,-0.412,14.768
1910 Oct,-0.423,13.847
1910 Nov,-0.625,12.655
1910 Dec,-0.648,11.922
1911 Jan,-0.585,11.715
1911 Feb,-0.644,11.856
1911 Mar,-0.597,12.533
1911 Apr,-0.587,13.473
1911 May,-0.499,14.501
1911 Jun,-0.494,15.166
1911 Jul,-0.499,15.401
1911 Aug,-0.495,15.255
1911 Sep,-0.47,14.71
1911 Oct,-0.288,13.982
1911 Nov,-0.297,12.983
1911 Dec,-0.196,12.374
1912 Jan,-0.231,12.069
1912 Feb,-0.152,12.348
1912 Mar,-0.377,12.753
1912 Apr,-0.258,13.802
1912 May,-0.28,14.72
1912 Jun,-0.164,15.496
1912 Jul,-0.304,15.596
1912 Aug,-0.501,15.249
1912 Sep,-0.54,14.64
1912 Oct,-0.566,13.704
1912 Nov,-0.458,12.822
1912 Dec,-0.449,12.121
1913 Jan,-0.492,11.808
1913 Feb,-0.494,12.006
1913 Mar,-0.48,12.65
1913 Apr,-0.369,13.691
1913 May,-0.422,14.578
1913 Jun,-0.417,15.243
1913 Jul,-0.372,15.528
1913 Aug,-0.345,15.405
1913 Sep,-0.45,14.73
1913 Oct,-0.339,13.931
1913 Nov,-0.315,12.965
1913 Dec,-0.053,12.517
1914 Jan,-0.11,12.19
1914 Feb,-0.252,12.248
1914 Mar,-0.366,12.764
1914 Apr,-0.326,13.734
1914 May,-0.295,14.705
1914 Jun,-0.237,15.423
1914 Jul,-0.18,15.72
1914 Aug,-0.164,15.586
1914 Sep,-0.247,14.933
1914 Oct,-0.031,14.239
1914 Nov,-0.186,13.094
1914 Dec,-0.179,12.391
1915 Jan,-0.245,12.055
1915 Feb,-0.155,12.345
1915 Mar,-0.013,13.117
1915 Apr,-0.067,13.993
1915 May,-0.014,14.986
1915 Jun,-0.048,15.612
1915 Jul,-0.115,15.785
1915 Aug,-0.12,15.63
1915 Sep,-0.191,14.989
1915 Oct,-0.163,14.107
1915 Nov,-0.119,13.161
1915 Dec,-0.307,12.263
1916 Jan,-0.239,12.061
1916 Feb,-0.096,12.404
1916 Mar,-0.33,12.8
1916 Apr,-0.317,13.743
1916 May,-0.285,14.715
1916 Jun,-0.373,15.287
1916 Jul,-0.283,15.617
1916 Aug,-0.316,15.434
1916 Sep,-0.371,14.809
1916 Oct,-0.458,13.812
1916 Nov,-0.612,12.668
1916 Dec,-0.725,11.845
1917 Jan,-0.609,11.691
1917 Feb,-0.677,11.823
1917 Mar,-0.78,12.35
1917 Apr,-0.492,13.568
1917 May,-0.532,14.468
1917 Jun,-0.426,15.234
1917 Jul,-0.226,15.674
1917 Aug,-0.253,15.497
1917 Sep,-0.221,14.959
1917 Oct,-0.442,13.828
1917 Nov,-0.527,12.753
1917 Dec,-0.779,11.791
1918 Jan,-0.526,11.774
1918 Feb,-0.593,11.907
1918 Mar,-0.466,12.664
1918 Apr,-0.5,13.56
1918 May,-0.421,14.579
1918 Jun,-0.343,15.317
1918 Jul,-0.284,15.616
1918 Aug,-0.409,15.341
1918 Sep,-0.239,14.941
1918 Oct,-0.089,14.181
1918 Nov,-0.143,13.137
1918 Dec,-0.278,12.292
1919 Jan,-0.247,12.053
1919 Feb,-0.189,12.311
1919 Mar,-0.371,12.759
1919 Apr,-0.164,13.896
1919 May,-0.236,14.764
1919 Jun,-0.237,15.423
1919 Jul,-0.3,15.6
1919 Aug,-0.352,15.398
1919 Sep,-0.337,14.843
1919 Oct,-0.309,13.961
1919 Nov,-0.441,12.839
1919 Dec,-0.421,12.149
1920 Jan,-0.2,12.1
1920 Feb,-0.287,12.213
1920 Mar,-0.144,12.986
1920 Apr,-0.229,13.831
1920 May,-0.179,14.821
1920 Jun,-0.154,15.506
1920 Jul,-0.269,15.631
1920 Aug,-0.177,15.573
1920 Sep,-0.15,15.03
1920 Oct,-0.162,14.108
1920 Nov,-0.275,13.005
1920 Dec,-0.388,12.182
1921 Jan,-0.18,12.12
1921 Feb,-0.186,12.314
1921 Mar,-0.303,12.827
1921 Apr,-0.267,13.793
1921 May,-0.244,14.756
1921 Jun,-0.178,15.482
1921 Jul,-0.09,15.81
1921 Aug,-0.177,15.573
1921 Sep,-0.164,15.016
1921 Oct,-0.05,14.22
1921 Nov,-0.136,13.144
1921 Dec,-0.136,12.434
1922 Jan,-0.288,12.012
1922 Feb,-0.301,12.199
1922 Mar,-0.186,12.944
1922 Apr,-0.113,13.947
1922 May,-0.292,14.708
1922 Jun,-0.291,15.369
1922 Jul,-0.183,15.717
1922 Aug,-0.336,15.414
1922 Sep,-0.32,14.86
1922 Oct,-0.288,13.982
1922 Nov,-0.262,13.018
1922 Dec,-0.278,12.292
1923 Jan,-0.251,12.049
1923 Feb,-0.37,12.13
1923 Mar,-0.368,12.762
1923 Apr,-0.278,13.782
1923 May,-0.229,14.771
1923 Jun,-0.121,15.539
1923 Jul,-0.253,15.647
1923 Aug,-0.273,15.477
1923 Sep,-0.292,14.888
1923 Oct,-0.069,14.201
1923 Nov,-0.01,13.27
1923 Dec,0.037,12.607
1924 Jan,-0.265,12.035
1924 Feb,-0.122,12.378
1924 Mar,-0.047,13.083
1924 Apr,-0.274,13.786
1924 May,-0.144,14.856
1924 Jun,-0.156,15.504
1924 Jul,-0.227,15.673
1924 Aug,-0.348,15.402
1924 Sep,-0.294,14.886
1924 Oct,-0.28,13.99
1924 Nov,-0.213,13.067
1924 Dec,-0.393,12.177
1925 Jan,-0.407,11.893
1925 Feb,-0.413,12.087
1925 Mar,-0.262,12.868
1925 Apr,-0.236,13.824
1925 May,-0.157,14.843
1925 Jun,-0.194,15.466
1925 Jul,-0.217,15.683
1925 Aug,-0.175,15.575
1925 Sep,-0.191,14.989
1925 Oct,-0.101,14.169
1925 Nov,-0.027,13.253
1925 Dec,0.072,12.642
1926 Jan,0.158,12.458
1926 Feb,-0.005,12.495
1926 Mar,0.049,13.179
1926 Apr,-0.092,13.968
1926 May,-0.163,14.837
1926 Jun,-0.081,15.579
1926 Jul,-0.211,15.689
1926 Aug,-0.141,15.609
1926 Sep,-0.104,15.076
1926 Oct,0.024,14.294
1926 Nov,-0.053,13.227
1926 Dec,-0.197,12.373
1927 Jan,-0.229,12.071
1927 Feb,-0.106,12.394
1927 Mar,-0.292,12.838
1927 Apr,-0.261,13.799
1927 May,-0.128,14.872
1927 Jun,-0.161,15.499
1927 Jul,-0.071,15.829
1927 Aug,-0.105,15.645
1927 Sep,-0.128,15.052
1927 Oct,0.124,14.394
1927 Nov,-0.028,13.252
1927 Dec,-0.287,12.283
1928 Jan,0.019,12.319
1928 Feb,-0.075,12.425
1928 Mar,-0.216,12.914
1928 Apr,-0.176,13.884
1928 May,-0.195,14.805
1928 Jun,-0.211,15.449
1928 Jul,-0.15,15.75
1928 Aug,-0.176,15.574
1928 Sep,-0.178,15.002
1928 Oct,-0.123,14.147
1928 Nov,-0.159,13.121
1928 Dec,-0.139,12.431
1929 Jan,-0.358,11.942
1929 Feb,-0.445,12.055
1929 Mar,-0.363,12.767
1929 Apr,-0.386,13.674
1929 May,-0.351,14.649
1929 Jun,-0.222,15.438
1929 Jul,-0.342,15.558
1929 Aug,-0.179,15.571
1929 Sep,-0.274,14.906
1929 Oct,-0.155,14.115
1929 Nov,-0.128,13.152
1929 Dec,-0.457,12.113
1930 Jan,-0.225,12.075
1930 Feb,-0.244,12.256
1930 Mar,-0.105,13.025
1930 Apr,-0.154,13.906
1930 May,-0.083,14.917
1930 Jun,-0.018,15.642
1930 Jul,-0.071,15.829
1930 Aug,-0.035,15.715
1930 Sep,-0.092,15.088
1930 Oct,-0.006,14.264
1930 Nov,0.152,13.432
1930 Dec,0.015,12.585
1931 Jan,-0.056,12.244
1931 Feb,-0.172,12.328
1931 Mar,-0.097,13.033
1931 Apr,-0.132,13.928
1931 May,-0.152,14.848
1931 Jun,-0.01,15.65
1931 Jul,0.037,15.937
1931 Aug,-0.01,15.74
1931 Sep,0.009,15.189
1931 Oct,0.12,14.39
1931 Nov,-0.054,13.226
1931 Dec,-0.029,12.541
1932 Jan,0.082,12.382
1932 Feb,-0.22,12.28
1932 Mar,-0.133,12.997
1932 Apr,0.006,14.066
1932 May,-0.052,14.948
1932 Jun,-0.115,15.545
1932 Jul,-0.051,15.849
1932 Aug,-0.133,15.617
1932 Sep,0.009,15.189
1932 Oct,-0.067,14.203
1932 Nov,-0.263,13.017
1932 Dec,-0.212,12.358
1933 Jan,-0.246,12.054
1933 Feb,-0.302,12.198
1933 Mar,-0.347,12.783
1933 Apr,-0.244,13.816
1933 May,-0.221,14.779
1933 Jun,-0.229,15.431
1933 Jul,-0.248,15.652
1933 Aug,-0.202,15.548
1933 Sep,-0.323,14.857
1933 Oct,-0.134,14.136
1933 Nov,-0.363,12.917
1933 Dec,-0.451,12.119
1934 Jan,-0.266,12.034
1934 Feb,-0.074,12.426
1934 Mar,-0.369,12.761
1934 Apr,-0.313,13.747
1934 May,-0.109,14.891
1934 Jun,-0.055,15.605
1934 Jul,-0.102,15.798
1934 Aug,-0.157,15.593
1934 Sep,-0.118,15.062
1934 Oct,0,14.27
1934 Nov,0.121,13.401
1934 Dec,-0.082,12.488
1935 Jan,-0.314,11.986
1935 Feb,0.103,12.603
1935 Mar,-0.175,12.955
1935 Apr,-0.266,13.794
1935 May,-0.24,14.76
1935 Jun,-0.155,15.505
1935 Jul,-0.073,15.827
1935 Aug,-0.105,15.645
1935 Sep,-0.166,15.014
1935 Oct,-0.054,14.216
1935 Nov,-0.304,12.976
1935 Dec,-0.185,12.385
1936 Jan,-0.302,11.998
1936 Feb,-0.321,12.179
1936 Mar,-0.226,12.904
1936 Apr,-0.16,13.9
1936 May,-0.13,14.87
1936 Jun,-0.08,15.58
1936 Jul,-0.008,15.892
1936 Aug,-0.028,15.722
1936 Sep,-0.071,15.109
1936 Oct,0.047,14.317
1936 Nov,-0.087,13.193
1936 Dec,0.016,12.586
1937 Jan,-0.089,12.211
1937 Feb,0.049,12.549
1937 Mar,-0.151,12.979
1937 Apr,-0.065,13.995
1937 May,-0.055,14.945
1937 Jun,0.008,15.668
1937 Jul,0.073,15.973
1937 Aug,0.066,15.816
1937 Sep,0.164,15.344
1937 Oct,0.189,14.459
1937 Nov,0.078,13.358
1937 Dec,-0.029,12.541
1938 Jan,0.069,12.369
1938 Feb,0.092,12.592
1938 Mar,0.058,13.188
1938 Apr,0.014,14.074
1938 May,-0.072,14.928
1938 Jun,-0.122,15.538
1938 Jul,-0.026,15.874
1938 Aug,-0.019,15.731
1938 Sep,0.058,15.238
1938 Oct,0.167,14.437
1938 Nov,0.063,13.343
1938 Dec,-0.122,12.448
1939 Jan,-0.077,12.223
1939 Feb,-0.11,12.39
1939 Mar,-0.233,12.897
1939 Apr,-0.043,14.017
1939 May,0.089,15.089
1939 Jun,0.074,15.734
1939 Jul,-0.029,15.871
1939 Aug,0.012,15.762
1939 Sep,0.044,15.224
1939 Oct,-0.087,14.183
1939 Nov,-0.023,13.257
1939 Dec,0.323,12.893
1940 Jan,0.002,12.302
1940 Feb,0.105,12.605
1940 Mar,0.11,13.24
1940 Apr,0.156,14.216
1940 May,0.113,15.113
1940 Jun,0.074,15.734
1940 Jul,0.115,16.015
1940 Aug,0.059,15.809
1940 Sep,0.083,15.263
1940 Oct,0.077,14.347
1940 Nov,0.002,13.282
1940 Dec,0.155,12.725
1941 Jan,-0.132,12.168
1941 Feb,0.066,12.566
1941 Mar,-0.038,13.092
1941 Apr,0.027,14.087
1941 May,0.07,15.07
1941 Jun,0.113,15.773
1941 Jul,0.197,16.097
1941 Aug,0.016,15.766
1941 Sep,-0.109,15.071
1941 Oct,0.216,14.486
1941 Nov,0.028,13.308
1941 Dec,0.072,12.642
1942 Jan,0.249,12.549
1942 Feb,0.005,12.505
1942 Mar,0.037,13.167
1942 Apr,-0.028,14.032
1942 May,0.092,15.092
1942 Jun,0.08,15.74
1942 Jul,-0.032,15.868
1942 Aug,-0.071,15.679
1942 Sep,-0.01,15.17
1942 Oct,0.038,14.308
1942 Nov,-0.013,13.267
1942 Dec,0.046,12.616
1943 Jan,-0.054,12.246
1943 Feb,0.099,12.599
1943 Mar,-0.086,13.044
1943 Apr,0.073,14.133
1943 May,0.063,15.063
1943 Jun,0.021,15.681
1943 Jul,0.023,15.923
1943 Aug,0.072,15.822
1943 Sep,0.05,15.23
1943 Oct,0.311,14.581
1943 Nov,0.153,13.433
1943 Dec,0.17,12.74
1944 Jan,0.287,12.587
1944 Feb,0.229,12.729
1944 Mar,0.229,13.359
1944 Apr,0.134,14.194
1944 May,0.201,15.201
1944 Jun,0.092,15.752
1944 Jul,0.152,16.052
1944 Aug,0.221,15.971
1944 Sep,0.29,15.47
1944 Oct,0.271,14.541
1944 Nov,0.073,13.353
1944 Dec,0.166,12.736
1945 Jan,0.117,12.417
1945 Feb,0.07,12.57
1945 Mar,0.043,13.173
1945 Apr,0.166,14.226
1945 May,0.05,15.05
1945 Jun,0.086,15.746
1945 Jul,0.045,15.945
1945 Aug,0.26,16.01
1945 Sep,0.105,15.285
1945 Oct,0.278,14.548
1945 Nov,0.068,13.348
1945 Dec,-0.082,12.488
1946 Jan,0.049,12.349
1946 Feb,-0.14,12.36
1946 Mar,-0.03,13.1
1946 Apr,0.057,14.117
1946 May,0.006,15.006
1946 Jun,-0.203,15.457
1946 Jul,-0.051,15.849
1946 Aug,-0.127,15.623
1946 Sep,-0.084,15.096
1946 Oct,0.003,14.273
1946 Nov,-0.052,13.228
1946 Dec,-0.238,12.332
1947 Jan,-0.024,12.276
1947 Feb,-0.027,12.473
1947 Mar,0.115,13.245
1947 Apr,0.042,14.102
1947 May,-0.029,14.971
1947 Jun,0.074,15.734
1947 Jul,-0.001,15.899
1947 Aug,-0.118,15.632
1947 Sep,-0.103,15.077
1947 Oct,0.076,14.346
1947 Nov,0.009,13.289
1947 Dec,-0.104,12.466
1948 Jan,0.01,12.31
1948 Feb,-0.143,12.357
1948 Mar,-0.191,12.939
1948 Apr,-0.147,13.913
1948 May,0.157,15.157
1948 Jun,0.046,15.706
1948 Jul,-0.063,15.837
1948 Aug,-0.029,15.721
1948 Sep,-0.113,15.067
1948 Oct,-0.006,14.264
1948 Nov,-0.148,13.132
1948 Dec,-0.263,12.307
1949 Jan,0.06,12.36
1949 Feb,-0.192,12.308
1949 Mar,-0.104,13.026
1949 Apr,-0.107,13.953
1949 May,-0.038,14.962
1949 Jun,-0.124,15.536
1949 Jul,-0.135,15.765
1949 Aug,-0.091,15.659
1949 Sep,-0.144,15.036
1949 Oct,-0.062,14.208
1949 Nov,-0.152,13.128
1949 Dec,-0.067,12.503
1950 Jan,-0.299,12.001
1950 Feb,-0.341,12.159
1950 Mar,-0.166,12.964
1950 Apr,-0.186,13.874
1950 May,-0.039,14.961
1950 Jun,-0.053,15.607
1950 Jul,-0.049,15.851
1950 Aug,-0.107,15.643
1950 Sep,-0.205,14.975
1950 Oct,-0.104,14.166
1950 Nov,-0.317,12.963
1950 Dec,-0.196,12.374
1951 Jan,-0.345,11.955
1951 Feb,-0.429,12.071
1951 Mar,-0.184,12.946
1951 Apr,-0.074,13.986
1951 May,0.087,15.087
1951 Jun,0.134,15.794
1951 Jul,0.031,15.931
1951 Aug,0.118,15.868
1951 Sep,0.11,15.29
1951 Oct,0.224,14.494
1951 Nov,-0.003,13.277
1951 Dec,0.187,12.757
1952 Jan,0.156,12.456
1952 Feb,0.129,12.629
1952 Mar,-0.052,13.078
1952 Apr,0.115,14.175
1952 May,0.134,15.134
1952 Jun,0.085,15.745
1952 Jul,0.103,16.003
1952 Aug,0.111,15.861
1952 Sep,0.147,15.327
1952 Oct,0.097,14.367
1952 Nov,-0.084,13.196
1952 Dec,0.06,12.63
1953 Jan,0.079,12.379
1953 Feb,0.204,12.704
1953 Mar,0.111,13.241
1953 Apr,0.292,14.352
1953 May,0.298,15.298
1953 Jun,0.247,15.907
1953 Jul,0.114,16.014
1953 Aug,0.087,15.837
1953 Sep,0.085,15.265
1953 Oct,0.119,14.389
1953 Nov,0.017,13.297
1953 Dec,0.147,12.717
1954 Jan,-0.17,12.13
1954 Feb,-0.026,12.474
1954 Mar,-0.072,13.058
1954 Apr,-0.1,13.96
1954 May,-0.09,14.91
1954 Jun,0.014,15.674
1954 Jul,-0.058,15.842
1954 Aug,-0.084,15.666
1954 Sep,-0.13,15.05
1954 Oct,0.082,14.352
1954 Nov,0.097,13.377
1954 Dec,-0.059,12.511
1955 Jan,0.165,12.465
1955 Feb,-0.186,12.314
1955 Mar,-0.32,12.81
1955 Apr,-0.2,13.86
1955 May,-0.195,14.805
1955 Jun,-0.09,15.57
1955 Jul,-0.136,15.764
1955 Aug,0.143,15.893
1955 Sep,-0.104,15.076
1955 Oct,-0.03,14.24
1955 Nov,-0.251,13.029
1955 Dec,-0.262,12.308
1956 Jan,-0.117,12.183
1956 Feb,-0.191,12.309
1956 Mar,-0.267,12.863
1956 Apr,-0.251,13.809
1956 May,-0.251,14.749
1956 Jun,-0.164,15.496
1956 Jul,-0.121,15.779
1956 Aug,-0.306,15.444
1956 Sep,-0.251,14.929
1956 Oct,-0.201,14.069
1956 Nov,-0.178,13.102
1956 Dec,-0.025,12.545
1957 Jan,-0.138,12.162
1957 Feb,-0.085,12.415
1957 Mar,-0.115,13.015
1957 Apr,0.023,14.083
1957 May,0.132,15.132
1957 Jun,0.182,15.842
1957 Jul,0.001,15.901
1957 Aug,0.113,15.863
1957 Sep,0.037,15.217
1957 Oct,0.116,14.386
1957 Nov,0.08,13.36
1957 Dec,0.134,12.704
1958 Jan,0.314,12.614
1958 Feb,0.168,12.668
1958 Mar,0.102,13.232
1958 Apr,0.02,14.08
1958 May,0.054,15.054
1958 Jun,-0.035,15.625
1958 Jul,0.032,15.932
1958 Aug,-0.025,15.725
1958 Sep,-0.089,15.091
1958 Oct,0.062,14.332
1958 Nov,0.029,13.309
1958 Dec,0.067,12.637
1959 Jan,0.071,12.371
1959 Feb,0.018,12.518
1959 Mar,0.119,13.249
1959 Apr,0.162,14.222
1959 May,0.069,15.069
1959 Jun,0.079,15.739
1959 Jul,0.063,15.963
1959 Aug,0.003,15.753
1959 Sep,-0.066,15.114
1959 Oct,0.028,14.298
1959 Nov,-0.131,13.149
1959 Dec,0.012,12.582
1960 Jan,-0.032,12.268
1960 Feb,0.11,12.61
1960 Mar,-0.334,12.796
1960 Apr,-0.175,13.885
1960 May,-0.064,14.936
1960 Jun,-0.007,15.653
1960 Jul,-0.014,15.886
1960 Aug,0.041,15.791
1960 Sep,0.026,15.206
1960 Oct,0.041,14.311
1960 Nov,-0.159,13.121
1960 Dec,0.176,12.746
1961 Jan,0.044,12.344
1961 Feb,0.144,12.644
1961 Mar,0.022,13.152
1961 Apr,0.147,14.207
1961 May,0.157,15.157
1961 Jun,0.166,15.826
1961 Jul,0.013,15.913
1961 Aug,0.037,15.787
1961 Sep,-0.008,15.172
1961 Oct,0.034,14.304
1961 Nov,0.015,13.295
1961 Dec,-0.129,12.441
1962 Jan,0.034,12.334
1962 Feb,0.115,12.615
1962 Mar,0.11,13.24
1962 Apr,0.028,14.088
1962 May,-0.141,14.859
1962 Jun,-0.028,15.632
1962 Jul,-0.049,15.851
1962 Aug,-0.059,15.691
1962 Sep,-0.069,15.111
1962 Oct,0.003,14.273
1962 Nov,0.018,13.298
1962 Dec,-0.014,12.556
1963 Jan,-0.039,12.261
1963 Feb,0.113,12.613
1963 Mar,-0.255,12.875
1963 Apr,-0.099,13.961
1963 May,-0.087,14.913
1963 Jun,0.002,15.662
1963 Jul,0.131,16.031
1963 Aug,0.272,16.022
1963 Sep,0.164,15.344
1963 Oct,0.183,14.453
1963 Nov,0.136,13.416
1963 Dec,0.05,12.62
1964 Jan,-0.099,12.201
1964 Feb,-0.138,12.362
1964 Mar,-0.319,12.811
1964 Apr,-0.347,13.713
1964 May,-0.29,14.71
1964 Jun,-0.043,15.617
1964 Jul,-0.08,15.82
1964 Aug,-0.215,15.535
1964 Sep,-0.337,14.843
1964 Oct,-0.26,14.01
1964 Nov,-0.263,13.017
1964 Dec,-0.295,12.275
1965 Jan,-0.089,12.211
1965 Feb,-0.178,12.322
1965 Mar,-0.192,12.938
1965 Apr,-0.22,13.84
1965 May,-0.11,14.89
1965 Jun,-0.114,15.546
1965 Jul,-0.15,15.75
1965 Aug,-0.093,15.657
1965 Sep,-0.2,14.98
1965 Oct,0.017,14.287
1965 Nov,-0.07,13.21
1965 Dec,-0.042,12.528
1966 Jan,-0.173,12.127
1966 Feb,-0.066,12.434
1966 Mar,-0.069,13.061
1966 Apr,-0.07,13.99
1966 May,-0.123,14.877
1966 Jun,0.016,15.676
1966 Jul,0.081,15.981
1966 Aug,-0.057,15.693
1966 Sep,-0.029,15.151
1966 Oct,-0.133,14.137
1966 Nov,-0.054,13.226
1966 Dec,-0.034,12.536
1967 Jan,-0.121,12.179
1967 Feb,-0.255,12.245
1967 Mar,-0.03,13.1
1967 Apr,-0.051,14.009
1967 May,0.16,15.16
1967 Jun,-0.045,15.615
1967 Jul,0.002,15.902
1967 Aug,-0.03,15.72
1967 Sep,-0.071,15.109
1967 Oct,0.04,14.31
1967 Nov,-0.114,13.166
1967 Dec,-0.065,12.505
1968 Jan,-0.25,12.05
1968 Feb,-0.2,12.3
1968 Mar,0.079,13.209
1968 Apr,-0.108,13.952
1968 May,-0.154,14.846
1968 Jun,-0.045,15.615
1968 Jul,-0.175,15.725
1968 Aug,-0.098,15.652
1968 Sep,-0.186,14.994
1968 Oct,0.081,14.351
1968 Nov,-0.094,13.186
1968 Dec,-0.104,12.466
1969 Jan,-0.106,12.194
1969 Feb,-0.157,12.343
1969 Mar,-0.062,13.068
1969 Apr,0.113,14.173
1969 May,0.164,15.164
1969 Jun,0.085,15.745
1969 Jul,-0.041,15.859
1969 Aug,-0.001,15.749
1969 Sep,0.035,15.215
1969 Oct,0.107,14.377
1969 Nov,0.078,13.358
1969 Dec,0.242,12.812
1970 Jan,0.093,12.393
1970 Feb,0.125,12.625
1970 Mar,-0.011,13.119
1970 Apr,0.042,14.102
1970 May,-0.029,14.971
1970 Jun,-0.036,15.624
1970 Jul,-0.016,15.884
1970 Aug,-0.145,15.605
1970 Sep,0.044,15.224
1970 Oct,0.02,14.29
1970 Nov,-0.063,13.217
1970 Dec,-0.131,12.439
1971 Jan,-0.089,12.211
1971 Feb,-0.23,12.27
1971 Mar,-0.248,12.882
1971 Apr,-0.113,13.947
1971 May,-0.064,14.936
1971 Jun,-0.127,15.533
1971 Jul,-0.13,15.77
1971 Aug,-0.135,15.615
1971 Sep,-0.076,15.104
1971 Oct,-0.044,14.226
1971 Nov,-0.094,13.186
1971 Dec,-0.135,12.435
1972 Jan,-0.269,12.031
1972 Feb,-0.237,12.263
1972 Mar,-0.026,13.104
1972 Apr,-0.003,14.057
1972 May,-0.007,14.993
1972 Jun,0.089,15.749
1972 Jul,-0.003,15.897
1972 Aug,0.135,15.885
1972 Sep,0.033,15.213
1972 Oct,0.071,14.341
1972 Nov,-0.018,13.262
1972 Dec,0.227,12.797
1973 Jan,0.234,12.534
1973 Feb,0.241,12.741
1973 Mar,0.168,13.298
1973 Apr,0.245,14.305
1973 May,0.223,15.223
1973 Jun,0.221,15.881
1973 Jul,0.105,16.005
1973 Aug,0.033,15.783
1973 Sep,0.025,15.205
1973 Oct,0.062,14.332
1973 Nov,0.025,13.305
1973 Dec,-0.021,12.549
1974 Jan,-0.185,12.115
1974 Feb,-0.326,12.174
1974 Mar,-0.159,12.971
1974 Apr,-0.137,13.923
1974 May,-0.072,14.928
1974 Jun,-0.028,15.632
1974 Jul,-0.067,15.833
1974 Aug,0.108,15.858
1974 Sep,-0.069,15.111
1974 Oct,-0.074,14.196
1974 Nov,-0.109,13.171
1974 Dec,-0.112,12.458
1975 Jan,-0.016,12.284
1975 Feb,0.06,12.56
1975 Mar,0.067,13.197
1975 Apr,0.058,14.118
1975 May,0.125,15.125
1975 Jun,-0.002,15.658
1975 Jul,-0.031,15.869
1975 Aug,-0.18,15.57
1975 Sep,-0.069,15.111
1975 Oct,-0.12,14.15
1975 Nov,-0.234,13.046
1975 Dec,-0.122,12.448
1976 Jan,-0.087,12.213
1976 Feb,-0.164,12.336
1976 Mar,-0.298,12.832
1976 Apr,-0.128,13.932
1976 May,-0.263,14.737
1976 Jun,-0.112,15.548
1976 Jul,-0.038,15.862
1976 Aug,-0.113,15.637
1976 Sep,-0.044,15.136
1976 Oct,-0.212,14.058
1976 Nov,-0.08,13.2
1976 Dec,0.116,12.686
1977 Jan,0.228,12.528
1977 Feb,0.181,12.681
1977 Mar,0.143,13.273
1977 Apr,0.218,14.278
1977 May,0.3,15.3
1977 Jun,0.308,15.968
1977 Jul,0.234,16.134
1977 Aug,0.26,16.01
1977 Sep,0.093,15.273
1977 Oct,0.113,14.383
1977 Nov,0.193,13.473
1977 Dec,0.081,12.651
1978 Jan,0.059,12.359
1978 Feb,0.129,12.629
1978 Mar,0.119,13.249
1978 Apr,0.122,14.182
1978 May,0.132,15.132
1978 Jun,0.026,15.686
1978 Jul,0.136,16.036
1978 Aug,-0.14,15.61
1978 Sep,0.088,15.268
1978 Oct,0.025,14.295
1978 Nov,0.139,13.419
1978 Dec,0.112,12.682
1979 Jan,0.094,12.394
1979 Feb,-0.108,12.392
1979 Mar,0.13,13.26
1979 Apr,0.132,14.192
1979 May,0.069,15.069
1979 Jun,0.117,15.777
1979 Jul,0.055,15.955
1979 Aug,0.17,15.92
1979 Sep,0.249,15.429
1979 Oct,0.277,14.547
1979 Nov,0.251,13.531
1979 Dec,0.488,13.058
1980 Jan,0.333,12.633
1980 Feb,0.414,12.914
1980 Mar,0.314,13.444
1980 Apr,0.371,14.431
1980 May,0.358,15.358
1980 Jun,0.254,15.914
1980 Jul,0.335,16.235
1980 Aug,0.29,16.04
1980 Sep,0.219,15.399
1980 Oct,0.176,14.446
1980 Nov,0.249,13.529
1980 Dec,0.19,12.76
1981 Jan,0.491,12.791
1981 Feb,0.366,12.866
1981 Mar,0.401,13.531
1981 Apr,0.272,14.332
1981 May,0.231,15.231
1981 Jun,0.371,16.031
1981 Jul,0.35,16.25
1981 Aug,0.388,16.138
1981 Sep,0.224,15.404
1981 Oct,0.18,14.45
1981 Nov,0.206,13.486
1981 Dec,0.458,13.028
1982 Jan,0.066,12.366
1982 Feb,0.109,12.609
1982 Mar,-0.084,13.046
1982 Apr,0.035,14.095
1982 May,0.152,15.152
1982 Jun,0.13,15.79
1982 Jul,0.181,16.081
1982 Aug,0.073,15.823
1982 Sep,0.142,15.322
1982 Oct,0.163,14.433
1982 Nov,0.094,13.374
1982 Dec,0.379,12.949
1983 Jan,0.414,12.714
1983 Feb,0.389,12.889
1983 Mar,0.319,13.449
1983 Apr,0.266,14.326
1983 May,0.359,15.359
1983 Jun,0.273,15.933
1983 Jul,0.194,16.094
1983 Aug,0.341,16.091
1983 Sep,0.389,15.569
1983 Oct,0.174,14.444
1983 Nov,0.283,13.563
1983 Dec,0.184,12.754
1984 Jan,0.207,12.507
1984 Feb,0.089,12.589
1984 Mar,0.222,13.352
1984 Apr,0.1,14.16
1984 May,0.331,15.331
1984 Jun,0.057,15.717
1984 Jul,0.085,15.985
1984 Aug,0.176,15.926
1984 Sep,0.209,15.389
1984 Oct,0.136,14.406
1984 Nov,-0.001,13.279
1984 Dec,-0.054,12.516
1985 Jan,0.217,12.517
1985 Feb,-0.052,12.448
1985 Mar,0.11,13.24
1985 Apr,0.107,14.167
1985 May,0.148,15.148
1985 Jun,0.173,15.833
1985 Jul,0.022,15.922
1985 Aug,0.177,15.927
1985 Sep,0.104,15.284
1985 Oct,0.134,14.404
1985 Nov,0.04,13.32
1985 Dec,0.163,12.733
1986 Jan,0.18,12.48
1986 Feb,0.37,12.87
1986 Mar,0.197,13.327
1986 Apr,0.236,14.296
1986 May,0.233,15.233
1986 Jun,0.152,15.812
1986 Jul,0.136,16.036
1986 Aug,0.189,15.939
1986 Sep,0.122,15.302
1986 Oct,0.165,14.435
1986 Nov,0.098,13.378
1986 Dec,0.155,12.725
1987 Jan,0.28,12.58
1987 Feb,0.361,12.861
1987 Mar,0.138,13.268
1987 Apr,0.215,14.275
1987 May,0.245,15.245
1987 Jun,0.389,16.049
1987 Jul,0.474,16.374
1987 Aug,0.329,16.079
1987 Sep,0.369,15.549
1987 Oct,0.305,14.575
1987 Nov,0.216,13.496
1987 Dec,0.471,13.041
1988 Jan,0.467,12.767
1988 Feb,0.349,12.849
1988 Mar,0.395,13.525
1988 Apr,0.415,14.475
1988 May,0.396,15.396
1988 Jun,0.425,16.085
1988 Jul,0.334,16.234
1988 Aug,0.417,16.167
1988 Sep,0.379,15.559
1988 Oct,0.344,14.614
1988 Nov,0.099,13.379
1988 Dec,0.262,12.832
1989 Jan,0.002,12.302
1989 Feb,0.284,12.784
1989 Mar,0.232,13.362
1989 Apr,0.257,14.317
1989 May,0.098,15.098
1989 Jun,0.176,15.836
1989 Jul,0.32,16.22
1989 Aug,0.311,16.061
1989 Sep,0.327,15.507
1989 Oct,0.327,14.597
1989 Nov,0.166,13.446
1989 Dec,0.397,12.967
1990 Jan,0.358,12.658
1990 Feb,0.352,12.852
1990 Mar,0.68,13.81
1990 Apr,0.573,14.633
1990 May,0.499,15.499
1990 Jun,0.393,16.053
1990 Jul,0.466,16.366
1990 Aug,0.379,16.129
1990 Sep,0.311,15.491
1990 Oct,0.455,14.725
1990 Nov,0.406,13.686
1990 Dec,0.4,12.97
1991 Jan,0.382,12.682
1991 Feb,0.466,12.966
1991 Mar,0.312,13.442
1991 Apr,0.51,14.57
1991 May,0.408,15.408
1991 Jun,0.55,16.21
1991 Jul,0.513,16.413
1991 Aug,0.467,16.217
1991 Sep,0.432,15.612
1991 Oct,0.361,14.631
1991 Nov,0.309,13.589
1991 Dec,0.348,12.918
1992 Jan,0.455,12.755
1992 Feb,0.396,12.896
1992 Mar,0.407,13.537
1992 Apr,0.272,14.332
1992 May,0.29,15.29
1992 Jun,0.294,15.954
1992 Jul,0.138,16.038
1992 Aug,0.123,15.873
1992 Sep,-0.011,15.169
1992 Oct,0.076,14.346
1992 Nov,0.005,13.285
1992 Dec,0.206,12.776
1993 Jan,0.34,12.64
1993 Feb,0.38,12.88
1993 Mar,0.305,13.435
1993 Apr,0.283,14.343
1993 May,0.285,15.285
1993 Jun,0.307,15.967
1993 Jul,0.267,16.167
1993 Aug,0.199,15.949
1993 Sep,0.161,15.341
1993 Oct,0.259,14.529
1993 Nov,0.083,13.363
1993 Dec,0.195,12.765
1994 Jan,0.225,12.525
1994 Feb,0.042,12.542
1994 Mar,0.288,13.418
1994 Apr,0.369,14.429
1994 May,0.304,15.304
1994 Jun,0.426,16.086
1994 Jul,0.3,16.2
1994 Aug,0.223,15.973
1994 Sep,0.361,15.541
1994 Oct,0.455,14.725
1994 Nov,0.416,13.696
1994 Dec,0.356,12.926
1995 Jan,0.492,12.792
1995 Feb,0.725,13.225
1995 Mar,0.437,13.567
1995 Apr,0.503,14.563
1995 May,0.331,15.331
1995 Jun,0.538,16.198
1995 Jul,0.552,16.452
1995 Aug,0.524,16.274
1995 Sep,0.374,15.554
1995 Oct,0.518,14.788
1995 Nov,0.462,13.742
1995 Dec,0.307,12.877
1996 Jan,0.281,12.581
1996 Feb,0.533,13.033
1996 Mar,0.378,13.508
1996 Apr,0.368,14.428
1996 May,0.277,15.277
1996 Jun,0.275,15.935
1996 Jul,0.383,16.283
1996 Aug,0.508,16.258
1996 Sep,0.266,15.446
1996 Oct,0.213,14.483
1996 Nov,0.407,13.687
1996 Dec,0.428,12.998
1997 Jan,0.289,12.589
1997 Feb,0.364,12.864
1997 Mar,0.505,13.635
1997 Apr,0.411,14.471
1997 May,0.379,15.379
1997 Jun,0.592,16.252
1997 Jul,0.408,16.308
1997 Aug,0.454,16.204
1997 Sep,0.543,15.723
1997 Oct,0.678,14.948
1997 Nov,0.689,13.969
1997 Dec,0.631,13.201
1998 Jan,0.58,12.88
1998 Feb,0.825,13.325
1998 Mar,0.614,13.744
1998 Apr,0.726,14.786
1998 May,0.728,15.728
1998 Jun,0.767,16.427
1998 Jul,0.744,16.644
1998 Aug,0.755,16.505
1998 Sep,0.46,15.64
1998 Oct,0.449,14.719
1998 Nov,0.434,13.714
1998 Dec,0.58,13.15
1999 Jan,0.422,12.722
1999 Feb,0.641,13.141
1999 Mar,0.317,13.447
1999 Apr,0.355,14.415
1999 May,0.298,15.298
1999 Jun,0.42,16.08
1999 Jul,0.38,16.28
1999 Aug,0.357,16.107
1999 Sep,0.409,15.589
1999 Oct,0.389,14.659
1999 Nov,0.355,13.635
1999 Dec,0.434,13.004
2000 Jan,0.254,12.554
2000 Feb,0.519,13.019
2000 Mar,0.482,13.612
2000 Apr,0.558,14.618
2000 May,0.333,15.333
2000 Jun,0.406,16.066
2000 Jul,0.366,16.266
2000 Aug,0.46,16.21
2000 Sep,0.431,15.611
2000 Oct,0.292,14.562
2000 Nov,0.315,13.595
2000 Dec,0.301,12.871
2001 Jan,0.446,12.746
2001 Feb,0.422,12.922
2001 Mar,0.542,13.672
2001 Apr,0.535,14.595
2001 May,0.546,15.546
2001 Jun,0.542,16.202
2001 Jul,0.581,16.481
2001 Aug,0.537,16.287
2001 Sep,0.541,15.721
2001 Oct,0.531,14.801
2001 Nov,0.696,13.976
2001 Dec,0.637,13.207
2002 Jan,0.7,13
2002 Feb,0.658,13.158
2002 Mar,0.845,13.975
2002 Apr,0.601,14.661
2002 May,0.646,15.646
2002 Jun,0.592,16.252
2002 Jul,0.631,16.531
2002 Aug,0.553,16.303
2002 Sep,0.625,15.805
2002 Oct,0.595,14.865
2002 Nov,0.579,13.859
2002 Dec,0.526,13.096
2003 Jan,0.734,13.034
2003 Feb,0.546,13.046
2003 Mar,0.525,13.655
2003 Apr,0.547,14.607
2003 May,0.587,15.587
2003 Jun,0.481,16.141
2003 Jul,0.545,16.445
2003 Aug,0.666,16.416
2003 Sep,0.686,15.866
2003 Oct,0.759,15.029
2003 Nov,0.552,13.832
2003 Dec,0.761,13.331
2004 Jan,0.594,12.894
2004 Feb,0.685,13.185
2004 Mar,0.587,13.717
2004 Apr,0.617,14.677
2004 May,0.361,15.361
2004 Jun,0.439,16.099
2004 Jul,0.305,16.205
2004 Aug,0.471,16.221
2004 Sep,0.574,15.754
2004 Oct,0.631,14.901
2004 Nov,0.687,13.967
2004 Dec,0.51,13.08
2005 Jan,0.723,13.023
2005 Feb,0.628,13.128
2005 Mar,0.732,13.862
2005 Apr,0.687,14.747
2005 May,0.644,15.644
2005 Jun,0.697,16.357
2005 Jul,0.652,16.552
2005 Aug,0.645,16.395
2005 Sep,0.701,15.881
2005 Oct,0.815,15.085
2005 Nov,0.743,14.023
2005 Dec,0.745,13.315
2006 Jan,0.588,12.888
2006 Feb,0.759,13.259
2006 Mar,0.628,13.758
2006 Apr,0.531,14.591
2006 May,0.509,15.509
2006 Jun,0.673,16.333
2006 Jul,0.541,16.441
2006 Aug,0.716,16.466
2006 Sep,0.637,15.817
2006 Oct,0.711,14.981
2006 Nov,0.701,13.981
2006 Dec,0.824,13.394
2007 Jan,0.936,13.236
2007 Feb,0.721,13.221
2007 Mar,0.65,13.78
2007 Apr,0.801,14.861
2007 May,0.647,15.647
2007 Jun,0.604,16.264
2007 Jul,0.629,16.529
2007 Aug,0.561,16.311
2007 Sep,0.52,15.7
2007 Oct,0.631,14.901
2007 Nov,0.564,13.844
2007 Dec,0.498,13.068
2008 Jan,0.25,12.55
2008 Feb,0.301,12.801
2008 Mar,0.62,13.75
2008 Apr,0.523,14.583
2008 May,0.506,15.506
2008 Jun,0.47,16.13
2008 Jul,0.588,16.488
2008 Aug,0.535,16.285
2008 Sep,0.582,15.762
2008 Oct,0.674,14.944
2008 Nov,0.649,13.929
2008 Dec,0.558,13.128
2009 Jan,0.659,12.959
2009 Feb,0.547,13.047
2009 Mar,0.461,13.591
2009 Apr,0.573,14.633
2009 May,0.598,15.598
2009 Jun,0.693,16.353
2009 Jul,0.772,16.672
2009 Aug,0.69,16.44
2009 Sep,0.687,15.867
2009 Oct,0.715,14.985
2009 Nov,0.761,14.041
2009 Dec,0.738,13.308
2010 Jan,0.785,13.085
2010 Feb,0.854,13.354
2010 Mar,0.855,13.985
2010 Apr,0.898,14.958
2010 May,0.753,15.753
2010 Jun,0.692,16.352
2010 Jul,0.645,16.545
2010 Aug,0.688,16.438
2010 Sep,0.649,15.829
2010 Oct,0.747,15.017
2010 Nov,0.753,14.033
2010 Dec,0.539,13.109
2011 Jan,0.545,12.845
2011 Feb,0.518,13.018
2011 Mar,0.619,13.749
2011 Apr,0.648,14.708
2011 May,0.523,15.523
2011 Jun,0.658,16.318
2011 Jul,0.734,16.634
2011 Aug,0.719,16.469
2011 Sep,0.581,15.761
2011 Oct,0.665,14.935
2011 Nov,0.553,13.833
2011 Dec,0.574,13.144
2012 Jan,0.429,12.729
2012 Feb,0.483,12.983
2012 Mar,0.459,13.589
2012 Apr,0.684,14.744
2012 May,0.736,15.736
2012 Jun,0.717,16.377
2012 Jul,0.57,16.47
2012 Aug,0.683,16.433
2012 Sep,0.719,15.899
2012 Oct,0.848,15.118
2012 Nov,0.771,14.051
2012 Dec,0.548,13.118
2013 Jan,0.683,12.983
2013 Feb,0.578,13.078
2013 Mar,0.592,13.722
2013 Apr,0.569,14.629
2013 May,0.606,15.606
2013 Jun,0.697,16.357
2013 Jul,0.571,16.471
2013 Aug,0.694,16.444
2013 Sep,0.758,15.938
2013 Oct,0.653,14.923
2013 Nov,0.794,14.074
2013 Dec,0.709,13.279
2014 Jan,0.733,13.033
2014 Feb,0.533,13.033
2014 Mar,0.689,13.819
2014 Apr,0.756,14.816
2014 May,0.791,15.791
2014 Jun,0.666,16.326
2014 Jul,0.623,16.523
2014 Aug,0.837,16.587
2014 Sep,0.841,16.021
2014 Oct,0.813,15.083
2014 Nov,0.633,13.913
2014 Dec,0.763,13.333
2015 Jan,0.801,13.101
2015 Feb,0.824,13.324
2015 Mar,0.818,13.948
2015 Apr,0.763,14.823
2015 May,0.806,15.806
2015 Jun,0.81,16.47
2015 Jul,0.786,16.686
2015 Aug,0.893,16.643
2015 Sep,0.883,16.063
2015 Oct,1.06,15.33
2015 Nov,0.977,14.257
2015 Dec,1.145,13.715
2016 Jan,1.162,13.462
2016 Feb,1.263,13.763
2016 Mar,1.228,14.358
2016 Apr,1.09,15.15
2016 May,0.962,15.962
2016 Jun,0.852,16.512
2016 Jul,0.903,16.803
2016 Aug,1.025,16.775
2016 Sep,0.914,16.094
2016 Oct,0.943,15.213
2016 Nov,0.922,14.202
2016 Dec,0.92,13.49
2017 Jan,1.017,13.317
2017 Feb,1.12,13.62
2017 Mar,1.13,14.26
2017 Apr,0.925,14.985
2017 May,0.915,15.915
2017 Jun,0.759,16.419
2017 Jul,0.83,16.73
2017 Aug,0.896,16.646
2017 Sep,0.802,15.982
2017 Oct,0.903,15.173
2017 Nov,0.811,14.091
2017 Dec,0.909,13.479
2018 Jan,0.809,13.109
2018 Feb,0.836,13.336
2018 Mar,0.822,13.952
2018 Apr,0.882,14.942
2018 May,0.786,15.786
2018 Jun,0.797,16.457
2018 Jul,0.841,16.741
2018 Aug,0.821,16.571
2018 Sep,0.782,15.962
2018 Oct,0.956,15.226
2018 Nov,0.788,14.068
2018 Dec,0.921,13.491
2019 Jan,0.888,13.188
2019 Feb,0.907,13.407
2019 Mar,1.097,14.227
2019 Apr,1,15.06
2019 May,0.859,15.859
2019 Jun,0.866,16.526
2019 Jul,0.931,16.831
2019 Aug,0.93,16.68
2019 Sep,0.864,16.044
2019 Oct,1.056,15.326
2019 Nov,0.951,14.231
2019 Dec,1.086,13.656
2020 Jan,1.126,13.426
2020 Feb,1.156,13.656
2020 Mar,1.067,14.197
2020 Apr,1.125,15.185
2020 May,0.949,15.949
2020 Jun,0.914,16.574
2020 Jul,0.938,16.838
2020 Aug,0.896,16.646
2020 Sep,0.945,16.125
2020 Oct,0.896,15.166
2020 Nov,1.066,14.346
2020 Dec,0.811,13.381
2021 Jan,0.814,13.114
2021 Feb,0.628,13.128
2021 Mar,0.757,13.887
2021 Apr,0.777,14.837
2021 May,0.801,15.801
2021 Jun,0.812,16.472
2021 Jul,0.879,16.779
2021 Aug,0.918,16.668
2021 Sep,0.936,16.116
2021 Oct,1.018,15.288
2021 Nov,0.904,14.184
2021 Dec,0.842,13.412
2022 Jan,0.864,13.164
2022 Feb,0.822,13.322
2022 Mar,0.985,14.115
2022 Apr,0.83,14.89
2022 May,0.81,15.81
2022 Jun,0.965,16.625
2022 Jul,0.928,16.828
2022 Aug,0.93,16.68
2022 Sep,0.907,16.087
2022 Oct,1.036,15.306
2022 Nov,0.719,13.999
2022 Dec,0.881,13.451
2023 Jan,0.862,13.162
2023 Feb,0.929,13.429
2023 Mar,1.166,14.296
2023 Apr,1.011,15.071
2023 May,0.963,15.963
2023 Jun,1.146,16.806
2023 Jul,1.277,17.177
2023 Aug,1.319,17.069
2023 Sep,1.449,16.629
2023 Oct,1.394,15.664
2023 Nov,1.398,14.678
2023 Dec,1.378,13.948
2024 Jan,1.232,13.532
2024 Feb,1.354,13.854
2024 Mar,1.253,14.383
2024 Apr,1.253,15.313
2024 May,1.144,16.144
2024 Jun,1.213,16.873
2024 Jul,1.235,17.135
2024 Aug,1.316,17.066
2024 Sep,1.266,16.446
2024 Oct,1.345,15.615
2024 Nov,1.333,14.613
2024 Dec,1.294,13.864
2025 Jan,1.357,13.657
2025 Feb,1.249,13.749
2025 Mar,1.271,14.401
2025 Apr,1.18,15.24
2025 May,1.054,16.054
2025 Jun,1.034,16.694
2025 Jul,0.995,16.895
2025 Aug,1.128,16.878
2025 Sep,1.184,16.364
